mean_fit_time,std_fit_time,mean_score_time,std_score_time,param_subsample,param_min_child_weight,param_max_depth,param_gamma,param_colsample_bytree,params,split0_test_score,split1_test_score,split2_test_score,mean_test_score,std_test_score,rank_test_score
39.316205739974976,0.5357474035462144,0.1770207087198893,0.0013192658681884597,0.8,10,4,1.5,0.6,"{'subsample': 0.8, 'min_child_weight': 10, 'max_depth': 4, 'gamma': 1.5, 'colsample_bytree': 0.6}",0.7357672018838168,0.7354016537294169,0.7376884207137203,0.7362857587756513,0.0010029960942685126,3
37.70339528719584,2.255286717900017,0.12949220339457193,0.004875928449867175,1.0,1,3,2,0.8,"{'subsample': 1.0, 'min_child_weight': 1, 'max_depth': 3, 'gamma': 2, 'colsample_bytree': 0.8}",0.7342466258973779,0.7340211560938465,0.7360805301701201,0.7347827707204481,0.0009222594898710046,5
52.37932165463766,0.5376399928034952,0.143766721089681,0.0024219214593112193,0.8,10,3,5,1.0,"{'subsample': 0.8, 'min_child_weight': 10, 'max_depth': 3, 'gamma': 5, 'colsample_bytree': 1.0}",0.7356355076649299,0.734164327257846,0.737179610630233,0.7356598151843362,0.0012311042727495055,4
37.05852556228638,0.08612187058384013,0.1341547966003418,0.0019388539042649242,0.6,10,3,1,0.6,"{'subsample': 0.6, 'min_child_weight': 10, 'max_depth': 3, 'gamma': 1, 'colsample_bytree': 0.6}",0.736104810384173,0.7349160895204104,0.7380367696708348,0.7363525565251394,0.0012860001977931194,2
45.329795360565186,0.7442795532525793,0.1578223705291748,0.010777198009190945,0.6,10,4,1,0.6,"{'subsample': 0.6, 'min_child_weight': 10, 'max_depth': 4, 'gamma': 1, 'colsample_bytree': 0.6}",0.7358983893285039,0.7354260683217475,0.7380174666370538,0.7364473080957685,0.0011268895736892938,1
